<?xml version="1.0" encoding="UTF-8"?>
<project xmlns="http://maven.apache.org/POM/4.0.0" xsi:schemaLocation="http://maven.apache.org/POM/4.0.0 http://maven.apache.org/xsd/maven-4.0.0.xsd" xmlns:xsi="http://www.w3.org/2001/XMLSchema-instance">
  <modelVersion>4.0.0</modelVersion>
  <groupId>org.codehaus.groovy</groupId>
  <artifactId>groovy</artifactId>
  <version>2.4.0-beta-2</version>
  <packaging>jar</packaging>
  <name>Groovy</name>
  <description>Groovy: A powerful, dynamic language for the JVM</description>
  <url>http://groovy.codehaus.org/</url>
  <inceptionYear>2003</inceptionYear>
  <organization>
    <name>The Codehaus</name>
    <url>http://codehaus.org</url>
  </organization>
  <licenses>
    <license>
      <name>The Apache Software License, Version 2.0</name>
      <url>http://www.apache.org/licenses/LICENSE-2.0.txt</url>
      <distribution>repo</distribution>
    </license>
  </licenses>
  <mailingLists>
    <mailingList>
      <name>Groovy JSR Discussion List</name>
      <archive>http://dir.gmane.org/gmane.comp.lang.groovy.jsr</archive>
    </mailingList>
    <mailingList>
      <name>Groovy Developer List</name>
      <archive>http://dir.gmane.org/gmane.comp.lang.groovy.devel</archive>
    </mailingList>
    <mailingList>
      <name>Groovy User List</name>
      <archive>http://dir.gmane.org/gmane.comp.lang.groovy.user</archive>
    </mailingList>
  </mailingLists>
  <developers>
    <developer>
      <id>glaforge</id>
      <name>Guillaume Laforge</name>
      <organization>org.apache.maven.model.Organization@724e049f</organization>
      <roles>
        <role>Project Manager</role>
        <role>Despot</role>
        <role>Developer</role>
      </roles>
    </developer>
    <developer>
      <id>bob</id>
      <name>bob mcwhirter</name>
      <email>bob@werken.com</email>
      <organization>org.apache.maven.model.Organization@24716f55</organization>
      <roles>
        <role>Founder</role>
      </roles>
    </developer>
    <developer>
      <id>jstrachan</id>
      <name>James Strachan</name>
      <email>james@coredevelopers.com</email>
      <organization>org.apache.maven.model.Organization@67dc3d5d</organization>
      <roles>
        <role>Founder</role>
      </roles>
    </developer>
    <developer>
      <id>joe</id>
      <name>Joe Walnes</name>
      <organization>org.apache.maven.model.Organization@55a43242</organization>
      <roles>
        <role>Developer Emeritus</role>
      </roles>
    </developer>
    <developer>
      <id>skizz</id>
      <name>Chris Stevenson</name>
      <organization>org.apache.maven.model.Organization@166205e</organization>
      <roles>
        <role>Developer Emeritus</role>
      </roles>
    </developer>
    <developer>
      <id>jamiemc</id>
      <name>Jamie McCrindle</name>
      <organization>org.apache.maven.model.Organization@633cdfec</organization>
      <roles>
        <role>Developer Emeritus</role>
      </roles>
    </developer>
    <developer>
      <id>mattf</id>
      <name>Matt Foemmel</name>
      <organization>org.apache.maven.model.Organization@335ff8a2</organization>
      <roles>
        <role>Developer Emeritus</role>
      </roles>
    </developer>
    <developer>
      <id>spullara</id>
      <name>Sam Pullara</name>
      <email>sam@sampullara.com</email>
      <roles>
        <role>Developer Emeritus</role>
      </roles>
    </developer>
    <developer>
      <id>kasper</id>
      <name>Kasper Nielsen</name>
      <roles>
        <role>Developer Emeritus</role>
      </roles>
    </developer>
    <developer>
      <id>travis</id>
      <name>Travis Kay</name>
      <roles>
        <role>Developer Emeritus</role>
      </roles>
    </developer>
    <developer>
      <id>zohar</id>
      <name>Zohar Melamed</name>
      <roles>
        <role>Developer Emeritus</role>
      </roles>
    </developer>
    <developer>
      <id>jwilson</id>
      <name>John Wilson</name>
      <email>tug@wilson.co.uk</email>
      <organization>org.apache.maven.model.Organization@73bff142</organization>
      <roles>
        <role>Developer Emeritus</role>
      </roles>
    </developer>
    <developer>
      <id>cpoirier</id>
      <name>Chris Poirier</name>
      <email>cpoirier@dreaming.org</email>
      <roles>
        <role>Developer Emeritus</role>
      </roles>
    </developer>
    <developer>
      <id>ckl</id>
      <name>Christiaan ten Klooster</name>
      <email>ckl@dacelo.nl</email>
      <organization>org.apache.maven.model.Organization@216fe69d</organization>
      <roles>
        <role>Developer Emeritus</role>
      </roles>
    </developer>
    <developer>
      <id>goetze</id>
      <name>Steve Goetze</name>
      <email>goetze@dovetail.com</email>
      <organization>org.apache.maven.model.Organization@703b9f1b</organization>
      <roles>
        <role>Developer Emeritus</role>
      </roles>
    </developer>
    <developer>
      <id>bran</id>
      <name>Bing Ran</name>
      <email>b55r@sina.com</email>
      <organization>org.apache.maven.model.Organization@698231aa</organization>
      <roles>
        <role>Developer Emeritus</role>
      </roles>
    </developer>
    <developer>
      <id>jez</id>
      <name>Jeremy Rayner</name>
      <email>jeremy.rayner@gmail.com</email>
      <organization>org.apache.maven.model.Organization@4ce2180</organization>
      <roles>
        <role>Developer</role>
      </roles>
    </developer>
    <developer>
      <id>jstump</id>
      <name>John Stump</name>
      <email>johnstump2@yahoo.com</email>
      <roles>
        <role>Developer Emeritus</role>
      </roles>
    </developer>
    <developer>
      <id>blackdrag</id>
      <name>Jochen Theodorou</name>
      <email>blackdrag@gmx.org</email>
      <roles>
        <role>Developer</role>
        <role>Despot</role>
      </roles>
    </developer>
    <developer>
      <id>russel</id>
      <name>Russel Winder</name>
      <email>russel@russel.org.uk</email>
      <organization>org.apache.maven.model.Organization@2517b21e</organization>
      <roles>
        <role>Developer</role>
        <role>Founder of Gant</role>
      </roles>
    </developer>
    <developer>
      <id>phk</id>
      <name>Pilho Kim</name>
      <email>phkim@cluecom.co.kr</email>
      <roles>
        <role>Developer Emeritus</role>
      </roles>
    </developer>
    <developer>
      <id>cstein</id>
      <name>Christian Stein</name>
      <email>sormuras@gmx.de</email>
      <organization>org.apache.maven.model.Organization@c3b22fc</organization>
      <roles>
        <role>Developer Emeritus</role>
      </roles>
    </developer>
    <developer>
      <id>mittie</id>
      <name>Dierk Koenig</name>
      <email>dierk.koenig@canoo.com</email>
      <organization>org.apache.maven.model.Organization@69dce41b</organization>
      <roles>
        <role>Developer</role>
      </roles>
    </developer>
    <developer>
      <id>paulk</id>
      <name>Paul King</name>
      <email>paulk@asert.com.au</email>
      <organization>org.apache.maven.model.Organization@211fa5fb</organization>
      <roles>
        <role>Developer</role>
        <role>Despot</role>
      </roles>
    </developer>
    <developer>
      <id>galleon</id>
      <name>Guillaume Alleon</name>
      <email>guillaume.alleon@gmail.com</email>
      <roles>
        <role>Developer</role>
      </roles>
    </developer>
    <developer>
      <id>user57</id>
      <name>Jason Dillon</name>
      <email>jason@planet57.com</email>
      <roles>
        <role>Developer</role>
      </roles>
    </developer>
    <developer>
      <id>shemnon</id>
      <name>Danno Ferrin</name>
      <roles>
        <role>Developer</role>
      </roles>
    </developer>
    <developer>
      <id>jwill</id>
      <name>James Williams</name>
      <roles>
        <role>Developer</role>
      </roles>
    </developer>
    <developer>
      <id>aalmiray</id>
      <name>Andres Almiray</name>
      <email>aalmiray@users.sourceforge.net</email>
      <roles>
        <role>Developer</role>
      </roles>
    </developer>
    <developer>
      <id>mguillem</id>
      <name>Marc Guillemot</name>
      <email>mguillemot@yahoo.fr</email>
      <roles>
        <role>Developer</role>
      </roles>
    </developer>
    <developer>
      <id>jimwhite</id>
      <name>Jim White</name>
      <email>jim@pagesmiths.com</email>
      <organization>org.apache.maven.model.Organization@5c400ac3</organization>
      <roles>
        <role>Developer</role>
      </roles>
    </developer>
    <developer>
      <id>pniederw</id>
      <name>Peter Niederwieser</name>
      <email>pniederw@gmail.com</email>
      <roles>
        <role>Developer</role>
      </roles>
    </developer>
    <developer>
      <id>hamletdrc</id>
      <name>Hamlet D'Arcy</name>
      <email>hamletdrc@gmail.com</email>
      <roles>
        <role>Developer</role>
      </roles>
    </developer>
    <developer>
      <id>melix</id>
      <name>Cedric Champeau</name>
      <email>cedric.champeau@gmail.com</email>
      <roles>
        <role>Developer</role>
        <role>Despot</role>
      </roles>
    </developer>
  </developers>
  <contributors>
    <contributor>
      <name>Joern Eyrich</name>
    </contributor>
    <contributor>
      <name>Robert Kuzelj</name>
    </contributor>
    <contributor>
      <name>Rod Cope</name>
    </contributor>
    <contributor>
      <name>Yuri Schimke</name>
    </contributor>
    <contributor>
      <name>James Birchfield</name>
    </contributor>
    <contributor>
      <name>Robert Fuller</name>
    </contributor>
    <contributor>
      <name>Sergey Udovenko</name>
    </contributor>
    <contributor>
      <name>Hallvard Traetteberg</name>
    </contributor>
    <contributor>
      <name>Peter Reilly</name>
    </contributor>
    <contributor>
      <name>Brian McCallister</name>
    </contributor>
    <contributor>
      <name>Richard Monson-Haefel</name>
    </contributor>
    <contributor>
      <name>Brian Larson</name>
    </contributor>
    <contributor>
      <name>Artur Biesiadowski</name>
      <email>abies@pg.gda.pl</email>
    </contributor>
    <contributor>
      <name>Ivan Z. Ganza</name>
    </contributor>
    <contributor>
      <name>Arjun Nayyar</name>
    </contributor>
    <contributor>
      <name>Mark Chu-Carroll</name>
    </contributor>
    <contributor>
      <name>Mark Turansky</name>
    </contributor>
    <contributor>
      <name>Jean-Louis Berliet</name>
    </contributor>
    <contributor>
      <name>Graham Miller</name>
    </contributor>
    <contributor>
      <name>Marc Palmer</name>
    </contributor>
    <contributor>
      <name>Tugdual Grall</name>
    </contributor>
    <contributor>
      <name>Edwin Tellman</name>
    </contributor>
    <contributor>
      <name>Evan A Slatis</name>
    </contributor>
    <contributor>
      <name>Mike Dillon</name>
    </contributor>
    <contributor>
      <name>Bernhard Huber</name>
    </contributor>
    <contributor>
      <name>Marc DeXeT</name>
    </contributor>
    <contributor>
      <name>Dejan Bosanac</name>
      <email>dejan@nighttale.net</email>
    </contributor>
    <contributor>
      <name>Denver Dino</name>
    </contributor>
    <contributor>
      <name>Ted Naleid</name>
    </contributor>
    <contributor>
      <name>Chanwit Kaewkasi</name>
    </contributor>
    <contributor>
      <name>Brad Long</name>
    </contributor>
    <contributor>
      <name>John Bito</name>
    </contributor>
    <contributor>
      <name>Jim Jagielski</name>
    </contributor>
    <contributor>
      <name>John Hurst</name>
    </contributor>
    <contributor>
      <name>Merlyn Albery-Speyer</name>
    </contributor>
    <contributor>
      <name>jeremi Joslin</name>
    </contributor>
    <contributor>
      <name>UEHARA Junji</name>
    </contributor>
    <contributor>
      <name>NAKANO Yasuharu</name>
    </contributor>
    <contributor>
      <name>Dinko Srkoc</name>
    </contributor>
    <contributor>
      <name>Raffaele Cigni</name>
    </contributor>
    <contributor>
      <name>Alberto Vilches Raton</name>
    </contributor>
    <contributor>
      <name>Paulo Poiati</name>
    </contributor>
    <contributor>
      <name>Alexander Klein</name>
    </contributor>
    <contributor>
      <name>Adam Murdoch</name>
    </contributor>
    <contributor>
      <name>David Durham</name>
    </contributor>
    <contributor>
      <name>Daniel Henrique Alves Lima</name>
    </contributor>
    <contributor>
      <name>John Wagenleitner</name>
    </contributor>
    <contributor>
      <name>Colin Harrington</name>
    </contributor>
    <contributor>
      <name>Brian Alexander</name>
    </contributor>
    <contributor>
      <name>Jan Weitz</name>
    </contributor>
    <contributor>
      <name>Joachim Baumann</name>
    </contributor>
    <contributor>
      <name>David Sutherland</name>
    </contributor>
    <contributor>
      <name>Mattias Reichel</name>
    </contributor>
    <contributor>
      <name>David Lee</name>
    </contributor>
  </contributors>
  <scm>
    <connection>scm:git:git@github.com:groovy/groovy-core.git</connection>
    <developerConnection>scm:git:git@github.com:groovy/groovy-core.git</developerConnection>
    <url>git@github.com:groovy/groovy-core.git</url>
  </scm>
  <dependencies>
    <dependency>
      <groupId>org.apache.ant</groupId>
      <artifactId>ant</artifactId>
      <version>1.9.4</version>
      <scope>compile</scope>
      <optional>true</optional>
    </dependency>
    <dependency>
      <groupId>com.thoughtworks.xstream</groupId>
      <artifactId>xstream</artifactId>
      <version>1.4.7</version>
      <scope>compile</scope>
      <exclusions>
        <exclusion>
          <artifactId>jmock</artifactId>
          <groupId>jmock</groupId>
        </exclusion>
        <exclusion>
          <artifactId>junit</artifactId>
          <groupId>junit</groupId>
        </exclusion>
        <exclusion>
          <artifactId>xpp3_min</artifactId>
          <groupId>xpp3</groupId>
        </exclusion>
      </exclusions>
      <optional>true</optional>
    </dependency>
    <dependency>
      <groupId>org.codehaus.gpars</groupId>
      <artifactId>gpars</artifactId>
      <version>1.2.1</version>
      <scope>runtime</scope>
      <exclusions>
        <exclusion>
          <artifactId>groovy-all</artifactId>
          <groupId>org.codehaus.groovy</groupId>
        </exclusion>
      </exclusions>
      <optional>true</optional>
    </dependency>
    <dependency>
      <groupId>org.apache.ivy</groupId>
      <artifactId>ivy</artifactId>
      <version>2.4.0-rc1</version>
      <scope>compile</scope>
      <optional>true</optional>
    </dependency>
    <dependency>
      <groupId>org.fusesource.jansi</groupId>
      <artifactId>jansi</artifactId>
      <version>1.11</version>
      <scope>compile</scope>
      <optional>true</optional>
    </dependency>
  </dependencies>
</project>
